<?xml version="1.0"?>
<DataProfile xmlns:xsd="http://www.w3.org/2001/XMLSchema" xmlns:xsi="http://www.w3.org/2001/XMLSchema-instance" xmlns="http://schemas.microsoft.com/sqlserver/2008/DataDebugger/">
  <ProfileVersion>1.0</ProfileVersion>
  <DataSources>
    <DtsDataSource ID="{805C1E99-4ED6-441F-BA15-41DE085977F5}" Name="dataprofiling.xml">
      <DtsConnectionManagerID>dataprofiling.xml</DtsConnectionManagerID>
    </DtsDataSource>
    <DtsDataSource ID="{30945CED-7050-4FA4-842E-013B3FB3274C}" Name="DESKTOP-6B32VUL.Post_Office_System">
      <DtsConnectionManagerID>DESKTOP-6B32VUL.Post_Office_System</DtsConnectionManagerID>
    </DtsDataSource>
  </DataSources>
  <DataProfileInput>
    <ProfileMode>Exact</ProfileMode>
    <Timeout>0</Timeout>
    <Requests>
      <ColumnNullRatioProfileRequest ID="NullRatioReq">
        <DataSourceID>{30945CED-7050-4FA4-842E-013B3FB3274C}</DataSourceID>
        <Table Schema="dbo" Table="DimSender" />
        <Column IsWildCard="true" />
      </ColumnNullRatioProfileRequest>
      <ColumnStatisticsProfileRequest ID="StatisticsReq">
        <DataSourceID>{30945CED-7050-4FA4-842E-013B3FB3274C}</DataSourceID>
        <Table Schema="dbo" Table="DimSender" />
        <Column IsWildCard="true" />
      </ColumnStatisticsProfileRequest>
      <ColumnLengthDistributionProfileRequest ID="LengthDistReq">
        <DataSourceID>{30945CED-7050-4FA4-842E-013B3FB3274C}</DataSourceID>
        <Table Schema="dbo" Table="DimSender" />
        <Column IsWildCard="true" />
        <IgnoreLeadingSpace>false</IgnoreLeadingSpace>
        <IgnoreTrailingSpace>true</IgnoreTrailingSpace>
      </ColumnLengthDistributionProfileRequest>
      <ColumnValueDistributionProfileRequest ID="ValueDistReq">
        <DataSourceID>{30945CED-7050-4FA4-842E-013B3FB3274C}</DataSourceID>
        <Table Schema="dbo" Table="DimSender" />
        <Column IsWildCard="true" />
        <Option>FrequentValues</Option>
        <FrequentValueThreshold>0.001</FrequentValueThreshold>
      </ColumnValueDistributionProfileRequest>
      <CandidateKeyProfileRequest ID="KeyReq">
        <DataSourceID>{30945CED-7050-4FA4-842E-013B3FB3274C}</DataSourceID>
        <Table Schema="dbo" Table="DimSender" />
        <KeyColumns>
          <Column IsWildCard="true" />
        </KeyColumns>
        <ThresholdSetting>Specified</ThresholdSetting>
        <KeyStrengthThreshold>0.95</KeyStrengthThreshold>
        <VerifyOutputInFastMode>false</VerifyOutputInFastMode>
        <MaxNumberOfViolations>100</MaxNumberOfViolations>
      </CandidateKeyProfileRequest>
    </Requests>
  </DataProfileInput>
  <DataProfileOutput>
    <Profiles>
      <ColumnNullRatioProfile ProfileRequestID="NullRatioReq" IsExact="true">
        <DataSourceID>{30945CED-7050-4FA4-842E-013B3FB3274C}</DataSourceID>
        <Table DataSource="DESKTOP-6B32VUL" Database="Post_Office_System" Schema="dbo" Table="DimSender" RowCount="-1" />
        <Column Name="senderID" SqlDbType="Int" MaxLength="0" Precision="10" Scale="0" LCID="-1" CodePage="0" IsNullable="false" StringCompareOptions="0" />
        <NullCount>0</NullCount>
      </ColumnNullRatioProfile>
      <CandidateKeyProfile IsExact="true" ProfileRequestID="KeyReq">
        <DataSourceID>{30945CED-7050-4FA4-842E-013B3FB3274C}</DataSourceID>
        <Table DataSource="DESKTOP-6B32VUL" Database="Post_Office_System" Schema="dbo" Table="DimSender" RowCount="-1" />
        <KeyColumns>
          <Column Name="senderID" SqlDbType="Int" MaxLength="0" Precision="10" Scale="0" LCID="-1" CodePage="0" IsNullable="false" StringCompareOptions="0" />
        </KeyColumns>
        <IsExactKey>true</IsExactKey>
      </CandidateKeyProfile>
      <ColumnNullRatioProfile ProfileRequestID="NullRatioReq" IsExact="true">
        <DataSourceID>{30945CED-7050-4FA4-842E-013B3FB3274C}</DataSourceID>
        <Table DataSource="DESKTOP-6B32VUL" Database="Post_Office_System" Schema="dbo" Table="DimSender" RowCount="18" />
        <Column Name="senderName" SqlDbType="VarChar" MaxLength="20" Precision="255" Scale="255" LCID="1033" CodePage="0" IsNullable="true" StringCompareOptions="0" />
        <NullCount>0</NullCount>
      </ColumnNullRatioProfile>
      <ColumnNullRatioProfile ProfileRequestID="NullRatioReq" IsExact="true">
        <DataSourceID>{30945CED-7050-4FA4-842E-013B3FB3274C}</DataSourceID>
        <Table DataSource="DESKTOP-6B32VUL" Database="Post_Office_System" Schema="dbo" Table="DimSender" RowCount="18" />
        <Column Name="senderGender" SqlDbType="VarChar" MaxLength="10" Precision="255" Scale="255" LCID="1033" CodePage="0" IsNullable="true" StringCompareOptions="0" />
        <NullCount>0</NullCount>
      </ColumnNullRatioProfile>
      <ColumnNullRatioProfile ProfileRequestID="NullRatioReq" IsExact="true">
        <DataSourceID>{30945CED-7050-4FA4-842E-013B3FB3274C}</DataSourceID>
        <Table DataSource="DESKTOP-6B32VUL" Database="Post_Office_System" Schema="dbo" Table="DimSender" RowCount="18" />
        <Column Name="senderTelephone" SqlDbType="VarChar" MaxLength="10" Precision="255" Scale="255" LCID="1033" CodePage="0" IsNullable="true" StringCompareOptions="0" />
        <NullCount>0</NullCount>
      </ColumnNullRatioProfile>
      <ColumnNullRatioProfile ProfileRequestID="NullRatioReq" IsExact="true">
        <DataSourceID>{30945CED-7050-4FA4-842E-013B3FB3274C}</DataSourceID>
        <Table DataSource="DESKTOP-6B32VUL" Database="Post_Office_System" Schema="dbo" Table="DimSender" RowCount="18" />
        <Column Name="senderLandmark" SqlDbType="VarChar" MaxLength="30" Precision="255" Scale="255" LCID="1033" CodePage="0" IsNullable="true" StringCompareOptions="0" />
        <NullCount>0</NullCount>
      </ColumnNullRatioProfile>
      <ColumnNullRatioProfile ProfileRequestID="NullRatioReq" IsExact="true">
        <DataSourceID>{30945CED-7050-4FA4-842E-013B3FB3274C}</DataSourceID>
        <Table DataSource="DESKTOP-6B32VUL" Database="Post_Office_System" Schema="dbo" Table="DimSender" RowCount="18" />
        <Column Name="senderCity" SqlDbType="VarChar" MaxLength="30" Precision="255" Scale="255" LCID="1033" CodePage="0" IsNullable="true" StringCompareOptions="0" />
        <NullCount>0</NullCount>
      </ColumnNullRatioProfile>
      <ColumnNullRatioProfile ProfileRequestID="NullRatioReq" IsExact="true">
        <DataSourceID>{30945CED-7050-4FA4-842E-013B3FB3274C}</DataSourceID>
        <Table DataSource="DESKTOP-6B32VUL" Database="Post_Office_System" Schema="dbo" Table="DimSender" RowCount="18" />
        <Column Name="senderState" SqlDbType="VarChar" MaxLength="20" Precision="255" Scale="255" LCID="1033" CodePage="0" IsNullable="true" StringCompareOptions="0" />
        <NullCount>0</NullCount>
      </ColumnNullRatioProfile>
      <ColumnNullRatioProfile ProfileRequestID="NullRatioReq" IsExact="true">
        <DataSourceID>{30945CED-7050-4FA4-842E-013B3FB3274C}</DataSourceID>
        <Table DataSource="DESKTOP-6B32VUL" Database="Post_Office_System" Schema="dbo" Table="DimSender" RowCount="18" />
        <Column Name="senderCountry" SqlDbType="VarChar" MaxLength="20" Precision="255" Scale="255" LCID="1033" CodePage="0" IsNullable="true" StringCompareOptions="0" />
        <NullCount>0</NullCount>
      </ColumnNullRatioProfile>
      <ColumnNullRatioProfile ProfileRequestID="NullRatioReq" IsExact="true">
        <DataSourceID>{30945CED-7050-4FA4-842E-013B3FB3274C}</DataSourceID>
        <Table DataSource="DESKTOP-6B32VUL" Database="Post_Office_System" Schema="dbo" Table="DimSender" RowCount="18" />
        <Column Name="senderZipcode" SqlDbType="BigInt" MaxLength="0" Precision="19" Scale="0" LCID="-1" CodePage="0" IsNullable="true" StringCompareOptions="0" />
        <NullCount>0</NullCount>
      </ColumnNullRatioProfile>
      <ColumnStatisticsProfile IsExact="true" ProfileRequestID="StatisticsReq">
        <DataSourceID>{30945CED-7050-4FA4-842E-013B3FB3274C}</DataSourceID>
        <Table DataSource="DESKTOP-6B32VUL" Database="Post_Office_System" Schema="dbo" Table="DimSender" RowCount="18" />
        <Column Name="senderID" SqlDbType="Int" MaxLength="0" Precision="10" Scale="0" LCID="-1" CodePage="0" IsNullable="false" StringCompareOptions="0" />
        <MinValue>1</MinValue>
        <MaxValue>18</MaxValue>
        <Mean>9.5</Mean>
        <StdDev>5.18812747209113</StdDev>
      </ColumnStatisticsProfile>
      <ColumnStatisticsProfile IsExact="true" ProfileRequestID="StatisticsReq">
        <DataSourceID>{30945CED-7050-4FA4-842E-013B3FB3274C}</DataSourceID>
        <Table DataSource="DESKTOP-6B32VUL" Database="Post_Office_System" Schema="dbo" Table="DimSender" RowCount="18" />
        <Column Name="senderZipcode" SqlDbType="BigInt" MaxLength="0" Precision="19" Scale="0" LCID="-1" CodePage="0" IsNullable="true" StringCompareOptions="0" />
        <MinValue>410218</MinValue>
        <MaxValue>410235</MaxValue>
        <Mean>410226.5</Mean>
        <StdDev>5.18812747209113</StdDev>
      </ColumnStatisticsProfile>
      <ColumnLengthDistributionProfile ProfileRequestID="LengthDistReq" IsExact="true">
        <DataSourceID>{30945CED-7050-4FA4-842E-013B3FB3274C}</DataSourceID>
        <Table DataSource="DESKTOP-6B32VUL" Database="Post_Office_System" Schema="dbo" Table="DimSender" RowCount="18" />
        <Column Name="senderName" SqlDbType="VarChar" MaxLength="20" Precision="255" Scale="255" LCID="1033" CodePage="0" IsNullable="true" StringCompareOptions="0" />
        <IgnoreLeadingSpace>false</IgnoreLeadingSpace>
        <IgnoreTrailingSpace>true</IgnoreTrailingSpace>
        <MinLength>3</MinLength>
        <MaxLength>7</MaxLength>
        <LengthDistribution>
          <LengthDistributionItem>
            <Length>3</Length>
            <Count>1</Count>
          </LengthDistributionItem>
          <LengthDistributionItem>
            <Length>5</Length>
            <Count>6</Count>
          </LengthDistributionItem>
          <LengthDistributionItem>
            <Length>6</Length>
            <Count>9</Count>
          </LengthDistributionItem>
          <LengthDistributionItem>
            <Length>7</Length>
            <Count>2</Count>
          </LengthDistributionItem>
        </LengthDistribution>
      </ColumnLengthDistributionProfile>
      <ColumnLengthDistributionProfile ProfileRequestID="LengthDistReq" IsExact="true">
        <DataSourceID>{30945CED-7050-4FA4-842E-013B3FB3274C}</DataSourceID>
        <Table DataSource="DESKTOP-6B32VUL" Database="Post_Office_System" Schema="dbo" Table="DimSender" RowCount="18" />
        <Column Name="senderGender" SqlDbType="VarChar" MaxLength="10" Precision="255" Scale="255" LCID="1033" CodePage="0" IsNullable="true" StringCompareOptions="0" />
        <IgnoreLeadingSpace>false</IgnoreLeadingSpace>
        <IgnoreTrailingSpace>true</IgnoreTrailingSpace>
        <MinLength>4</MinLength>
        <MaxLength>6</MaxLength>
        <LengthDistribution>
          <LengthDistributionItem>
            <Length>4</Length>
            <Count>8</Count>
          </LengthDistributionItem>
          <LengthDistributionItem>
            <Length>6</Length>
            <Count>10</Count>
          </LengthDistributionItem>
        </LengthDistribution>
      </ColumnLengthDistributionProfile>
      <ColumnLengthDistributionProfile ProfileRequestID="LengthDistReq" IsExact="true">
        <DataSourceID>{30945CED-7050-4FA4-842E-013B3FB3274C}</DataSourceID>
        <Table DataSource="DESKTOP-6B32VUL" Database="Post_Office_System" Schema="dbo" Table="DimSender" RowCount="18" />
        <Column Name="senderTelephone" SqlDbType="VarChar" MaxLength="10" Precision="255" Scale="255" LCID="1033" CodePage="0" IsNullable="true" StringCompareOptions="0" />
        <IgnoreLeadingSpace>false</IgnoreLeadingSpace>
        <IgnoreTrailingSpace>true</IgnoreTrailingSpace>
        <MinLength>10</MinLength>
        <MaxLength>10</MaxLength>
        <LengthDistribution>
          <LengthDistributionItem>
            <Length>10</Length>
            <Count>18</Count>
          </LengthDistributionItem>
        </LengthDistribution>
      </ColumnLengthDistributionProfile>
      <ColumnLengthDistributionProfile ProfileRequestID="LengthDistReq" IsExact="true">
        <DataSourceID>{30945CED-7050-4FA4-842E-013B3FB3274C}</DataSourceID>
        <Table DataSource="DESKTOP-6B32VUL" Database="Post_Office_System" Schema="dbo" Table="DimSender" RowCount="18" />
        <Column Name="senderLandmark" SqlDbType="VarChar" MaxLength="30" Precision="255" Scale="255" LCID="1033" CodePage="0" IsNullable="true" StringCompareOptions="0" />
        <IgnoreLeadingSpace>false</IgnoreLeadingSpace>
        <IgnoreTrailingSpace>true</IgnoreTrailingSpace>
        <MinLength>6</MinLength>
        <MaxLength>15</MaxLength>
        <LengthDistribution>
          <LengthDistributionItem>
            <Length>6</Length>
            <Count>5</Count>
          </LengthDistributionItem>
          <LengthDistributionItem>
            <Length>7</Length>
            <Count>1</Count>
          </LengthDistributionItem>
          <LengthDistributionItem>
            <Length>8</Length>
            <Count>1</Count>
          </LengthDistributionItem>
          <LengthDistributionItem>
            <Length>9</Length>
            <Count>2</Count>
          </LengthDistributionItem>
          <LengthDistributionItem>
            <Length>10</Length>
            <Count>3</Count>
          </LengthDistributionItem>
          <LengthDistributionItem>
            <Length>11</Length>
            <Count>1</Count>
          </LengthDistributionItem>
          <LengthDistributionItem>
            <Length>14</Length>
            <Count>2</Count>
          </LengthDistributionItem>
          <LengthDistributionItem>
            <Length>15</Length>
            <Count>3</Count>
          </LengthDistributionItem>
        </LengthDistribution>
      </ColumnLengthDistributionProfile>
      <ColumnLengthDistributionProfile ProfileRequestID="LengthDistReq" IsExact="true">
        <DataSourceID>{30945CED-7050-4FA4-842E-013B3FB3274C}</DataSourceID>
        <Table DataSource="DESKTOP-6B32VUL" Database="Post_Office_System" Schema="dbo" Table="DimSender" RowCount="18" />
        <Column Name="senderCity" SqlDbType="VarChar" MaxLength="30" Precision="255" Scale="255" LCID="1033" CodePage="0" IsNullable="true" StringCompareOptions="0" />
        <IgnoreLeadingSpace>false</IgnoreLeadingSpace>
        <IgnoreTrailingSpace>true</IgnoreTrailingSpace>
        <MinLength>4</MinLength>
        <MaxLength>11</MaxLength>
        <LengthDistribution>
          <LengthDistributionItem>
            <Length>4</Length>
            <Count>3</Count>
          </LengthDistributionItem>
          <LengthDistributionItem>
            <Length>5</Length>
            <Count>5</Count>
          </LengthDistributionItem>
          <LengthDistributionItem>
            <Length>6</Length>
            <Count>6</Count>
          </LengthDistributionItem>
          <LengthDistributionItem>
            <Length>7</Length>
            <Count>2</Count>
          </LengthDistributionItem>
          <LengthDistributionItem>
            <Length>9</Length>
            <Count>1</Count>
          </LengthDistributionItem>
          <LengthDistributionItem>
            <Length>11</Length>
            <Count>1</Count>
          </LengthDistributionItem>
        </LengthDistribution>
      </ColumnLengthDistributionProfile>
      <ColumnLengthDistributionProfile ProfileRequestID="LengthDistReq" IsExact="true">
        <DataSourceID>{30945CED-7050-4FA4-842E-013B3FB3274C}</DataSourceID>
        <Table DataSource="DESKTOP-6B32VUL" Database="Post_Office_System" Schema="dbo" Table="DimSender" RowCount="18" />
        <Column Name="senderState" SqlDbType="VarChar" MaxLength="20" Precision="255" Scale="255" LCID="1033" CodePage="0" IsNullable="true" StringCompareOptions="0" />
        <IgnoreLeadingSpace>false</IgnoreLeadingSpace>
        <IgnoreTrailingSpace>true</IgnoreTrailingSpace>
        <MinLength>3</MinLength>
        <MaxLength>11</MaxLength>
        <LengthDistribution>
          <LengthDistributionItem>
            <Length>3</Length>
            <Count>1</Count>
          </LengthDistributionItem>
          <LengthDistributionItem>
            <Length>6</Length>
            <Count>1</Count>
          </LengthDistributionItem>
          <LengthDistributionItem>
            <Length>11</Length>
            <Count>16</Count>
          </LengthDistributionItem>
        </LengthDistribution>
      </ColumnLengthDistributionProfile>
      <ColumnLengthDistributionProfile ProfileRequestID="LengthDistReq" IsExact="true">
        <DataSourceID>{30945CED-7050-4FA4-842E-013B3FB3274C}</DataSourceID>
        <Table DataSource="DESKTOP-6B32VUL" Database="Post_Office_System" Schema="dbo" Table="DimSender" RowCount="18" />
        <Column Name="senderCountry" SqlDbType="VarChar" MaxLength="20" Precision="255" Scale="255" LCID="1033" CodePage="0" IsNullable="true" StringCompareOptions="0" />
        <IgnoreLeadingSpace>false</IgnoreLeadingSpace>
        <IgnoreTrailingSpace>true</IgnoreTrailingSpace>
        <MinLength>5</MinLength>
        <MaxLength>5</MaxLength>
        <LengthDistribution>
          <LengthDistributionItem>
            <Length>5</Length>
            <Count>18</Count>
          </LengthDistributionItem>
        </LengthDistribution>
      </ColumnLengthDistributionProfile>
      <ColumnValueDistributionProfile IsExact="true" ProfileRequestID="ValueDistReq">
        <DataSourceID>{30945CED-7050-4FA4-842E-013B3FB3274C}</DataSourceID>
        <Table DataSource="DESKTOP-6B32VUL" Database="Post_Office_System" Schema="dbo" Table="DimSender" RowCount="18" />
        <Column Name="senderID" SqlDbType="Int" MaxLength="0" Precision="10" Scale="0" LCID="-1" CodePage="0" IsNullable="false" StringCompareOptions="0" />
        <NumberOfDistinctValues>18</NumberOfDistinctValues>
        <ValueDistribution>
          <ValueDistributionItem>
            <Value>1</Value>
            <Count>1</Count>
          </ValueDistributionItem>
          <ValueDistributionItem>
            <Value>2</Value>
            <Count>1</Count>
          </ValueDistributionItem>
          <ValueDistributionItem>
            <Value>3</Value>
            <Count>1</Count>
          </ValueDistributionItem>
          <ValueDistributionItem>
            <Value>4</Value>
            <Count>1</Count>
          </ValueDistributionItem>
          <ValueDistributionItem>
            <Value>5</Value>
            <Count>1</Count>
          </ValueDistributionItem>
          <ValueDistributionItem>
            <Value>6</Value>
            <Count>1</Count>
          </ValueDistributionItem>
          <ValueDistributionItem>
            <Value>7</Value>
            <Count>1</Count>
          </ValueDistributionItem>
          <ValueDistributionItem>
            <Value>8</Value>
            <Count>1</Count>
          </ValueDistributionItem>
          <ValueDistributionItem>
            <Value>9</Value>
            <Count>1</Count>
          </ValueDistributionItem>
          <ValueDistributionItem>
            <Value>10</Value>
            <Count>1</Count>
          </ValueDistributionItem>
          <ValueDistributionItem>
            <Value>11</Value>
            <Count>1</Count>
          </ValueDistributionItem>
          <ValueDistributionItem>
            <Value>12</Value>
            <Count>1</Count>
          </ValueDistributionItem>
          <ValueDistributionItem>
            <Value>13</Value>
            <Count>1</Count>
          </ValueDistributionItem>
          <ValueDistributionItem>
            <Value>14</Value>
            <Count>1</Count>
          </ValueDistributionItem>
          <ValueDistributionItem>
            <Value>15</Value>
            <Count>1</Count>
          </ValueDistributionItem>
          <ValueDistributionItem>
            <Value>16</Value>
            <Count>1</Count>
          </ValueDistributionItem>
          <ValueDistributionItem>
            <Value>17</Value>
            <Count>1</Count>
          </ValueDistributionItem>
          <ValueDistributionItem>
            <Value>18</Value>
            <Count>1</Count>
          </ValueDistributionItem>
        </ValueDistribution>
      </ColumnValueDistributionProfile>
      <CandidateKeyProfile IsExact="true" ProfileRequestID="KeyReq">
        <DataSourceID>{30945CED-7050-4FA4-842E-013B3FB3274C}</DataSourceID>
        <Table DataSource="DESKTOP-6B32VUL" Database="Post_Office_System" Schema="dbo" Table="DimSender" RowCount="18" />
        <KeyColumns>
          <Column Name="senderName" SqlDbType="VarChar" MaxLength="20" Precision="255" Scale="255" LCID="1033" CodePage="0" IsNullable="true" StringCompareOptions="0" />
        </KeyColumns>
        <IsExactKey>true</IsExactKey>
      </CandidateKeyProfile>
      <ColumnValueDistributionProfile IsExact="true" ProfileRequestID="ValueDistReq">
        <DataSourceID>{30945CED-7050-4FA4-842E-013B3FB3274C}</DataSourceID>
        <Table DataSource="DESKTOP-6B32VUL" Database="Post_Office_System" Schema="dbo" Table="DimSender" RowCount="18" />
        <Column Name="senderName" SqlDbType="VarChar" MaxLength="20" Precision="255" Scale="255" LCID="1033" CodePage="0" IsNullable="true" StringCompareOptions="0" />
        <NumberOfDistinctValues>18</NumberOfDistinctValues>
        <ValueDistribution>
          <ValueDistributionItem>
            <Value>akshay</Value>
            <Count>1</Count>
          </ValueDistributionItem>
          <ValueDistributionItem>
            <Value>akshya</Value>
            <Count>1</Count>
          </ValueDistributionItem>
          <ValueDistributionItem>
            <Value>jyoti</Value>
            <Count>1</Count>
          </ValueDistributionItem>
          <ValueDistributionItem>
            <Value>kajal</Value>
            <Count>1</Count>
          </ValueDistributionItem>
          <ValueDistributionItem>
            <Value>prachi</Value>
            <Count>1</Count>
          </ValueDistributionItem>
          <ValueDistributionItem>
            <Value>prasad</Value>
            <Count>1</Count>
          </ValueDistributionItem>
          <ValueDistributionItem>
            <Value>ram</Value>
            <Count>1</Count>
          </ValueDistributionItem>
          <ValueDistributionItem>
            <Value>ramesh</Value>
            <Count>1</Count>
          </ValueDistributionItem>
          <ValueDistributionItem>
            <Value>roshni</Value>
            <Count>1</Count>
          </ValueDistributionItem>
          <ValueDistributionItem>
            <Value>saurabh</Value>
            <Count>1</Count>
          </ValueDistributionItem>
          <ValueDistributionItem>
            <Value>shreya</Value>
            <Count>1</Count>
          </ValueDistributionItem>
          <ValueDistributionItem>
            <Value>smiti</Value>
            <Count>1</Count>
          </ValueDistributionItem>
          <ValueDistributionItem>
            <Value>sneha</Value>
            <Count>1</Count>
          </ValueDistributionItem>
          <ValueDistributionItem>
            <Value>snehal</Value>
            <Count>1</Count>
          </ValueDistributionItem>
          <ValueDistributionItem>
            <Value>suraj</Value>
            <Count>1</Count>
          </ValueDistributionItem>
          <ValueDistributionItem>
            <Value>suresh</Value>
            <Count>1</Count>
          </ValueDistributionItem>
          <ValueDistributionItem>
            <Value>vinay</Value>
            <Count>1</Count>
          </ValueDistributionItem>
          <ValueDistributionItem>
            <Value>vinayak</Value>
            <Count>1</Count>
          </ValueDistributionItem>
        </ValueDistribution>
      </ColumnValueDistributionProfile>
      <ColumnValueDistributionProfile IsExact="true" ProfileRequestID="ValueDistReq">
        <DataSourceID>{30945CED-7050-4FA4-842E-013B3FB3274C}</DataSourceID>
        <Table DataSource="DESKTOP-6B32VUL" Database="Post_Office_System" Schema="dbo" Table="DimSender" RowCount="18" />
        <Column Name="senderGender" SqlDbType="VarChar" MaxLength="10" Precision="255" Scale="255" LCID="1033" CodePage="0" IsNullable="true" StringCompareOptions="0" />
        <NumberOfDistinctValues>2</NumberOfDistinctValues>
        <ValueDistribution>
          <ValueDistributionItem>
            <Value>female</Value>
            <Count>10</Count>
          </ValueDistributionItem>
          <ValueDistributionItem>
            <Value>male</Value>
            <Count>8</Count>
          </ValueDistributionItem>
        </ValueDistribution>
      </ColumnValueDistributionProfile>
      <CandidateKeyProfile IsExact="true" ProfileRequestID="KeyReq">
        <DataSourceID>{30945CED-7050-4FA4-842E-013B3FB3274C}</DataSourceID>
        <Table DataSource="DESKTOP-6B32VUL" Database="Post_Office_System" Schema="dbo" Table="DimSender" RowCount="18" />
        <KeyColumns>
          <Column Name="senderTelephone" SqlDbType="VarChar" MaxLength="10" Precision="255" Scale="255" LCID="1033" CodePage="0" IsNullable="true" StringCompareOptions="0" />
        </KeyColumns>
        <IsExactKey>true</IsExactKey>
      </CandidateKeyProfile>
      <ColumnValueDistributionProfile IsExact="true" ProfileRequestID="ValueDistReq">
        <DataSourceID>{30945CED-7050-4FA4-842E-013B3FB3274C}</DataSourceID>
        <Table DataSource="DESKTOP-6B32VUL" Database="Post_Office_System" Schema="dbo" Table="DimSender" RowCount="18" />
        <Column Name="senderTelephone" SqlDbType="VarChar" MaxLength="10" Precision="255" Scale="255" LCID="1033" CodePage="0" IsNullable="true" StringCompareOptions="0" />
        <NumberOfDistinctValues>18</NumberOfDistinctValues>
        <ValueDistribution>
          <ValueDistributionItem>
            <Value>8638355869</Value>
            <Count>1</Count>
          </ValueDistributionItem>
          <ValueDistributionItem>
            <Value>8638355870</Value>
            <Count>1</Count>
          </ValueDistributionItem>
          <ValueDistributionItem>
            <Value>8638355871</Value>
            <Count>1</Count>
          </ValueDistributionItem>
          <ValueDistributionItem>
            <Value>8638355872</Value>
            <Count>1</Count>
          </ValueDistributionItem>
          <ValueDistributionItem>
            <Value>8638355873</Value>
            <Count>1</Count>
          </ValueDistributionItem>
          <ValueDistributionItem>
            <Value>8638355874</Value>
            <Count>1</Count>
          </ValueDistributionItem>
          <ValueDistributionItem>
            <Value>8638355875</Value>
            <Count>1</Count>
          </ValueDistributionItem>
          <ValueDistributionItem>
            <Value>8638355876</Value>
            <Count>1</Count>
          </ValueDistributionItem>
          <ValueDistributionItem>
            <Value>8638355877</Value>
            <Count>1</Count>
          </ValueDistributionItem>
          <ValueDistributionItem>
            <Value>8638355878</Value>
            <Count>1</Count>
          </ValueDistributionItem>
          <ValueDistributionItem>
            <Value>8638355879</Value>
            <Count>1</Count>
          </ValueDistributionItem>
          <ValueDistributionItem>
            <Value>8638355880</Value>
            <Count>1</Count>
          </ValueDistributionItem>
          <ValueDistributionItem>
            <Value>8638355881</Value>
            <Count>1</Count>
          </ValueDistributionItem>
          <ValueDistributionItem>
            <Value>8638355882</Value>
            <Count>1</Count>
          </ValueDistributionItem>
          <ValueDistributionItem>
            <Value>8638355883</Value>
            <Count>1</Count>
          </ValueDistributionItem>
          <ValueDistributionItem>
            <Value>8638355884</Value>
            <Count>1</Count>
          </ValueDistributionItem>
          <ValueDistributionItem>
            <Value>8638355885</Value>
            <Count>1</Count>
          </ValueDistributionItem>
          <ValueDistributionItem>
            <Value>8638355886</Value>
            <Count>1</Count>
          </ValueDistributionItem>
        </ValueDistribution>
      </ColumnValueDistributionProfile>
      <ColumnValueDistributionProfile IsExact="true" ProfileRequestID="ValueDistReq">
        <DataSourceID>{30945CED-7050-4FA4-842E-013B3FB3274C}</DataSourceID>
        <Table DataSource="DESKTOP-6B32VUL" Database="Post_Office_System" Schema="dbo" Table="DimSender" RowCount="18" />
        <Column Name="senderLandmark" SqlDbType="VarChar" MaxLength="30" Precision="255" Scale="255" LCID="1033" CodePage="0" IsNullable="true" StringCompareOptions="0" />
        <NumberOfDistinctValues>12</NumberOfDistinctValues>
        <ValueDistribution>
          <ValueDistributionItem>
            <Value>bus station</Value>
            <Count>1</Count>
          </ValueDistributionItem>
          <ValueDistributionItem>
            <Value>church</Value>
            <Count>2</Count>
          </ValueDistributionItem>
          <ValueDistributionItem>
            <Value>covid hospital</Value>
            <Count>2</Count>
          </ValueDistributionItem>
          <ValueDistributionItem>
            <Value>dental hospital</Value>
            <Count>1</Count>
          </ValueDistributionItem>
          <ValueDistributionItem>
            <Value>highway</Value>
            <Count>1</Count>
          </ValueDistributionItem>
          <ValueDistributionItem>
            <Value>railway station</Value>
            <Count>2</Count>
          </ValueDistributionItem>
          <ValueDistributionItem>
            <Value>ram road</Value>
            <Count>1</Count>
          </ValueDistributionItem>
          <ValueDistributionItem>
            <Value>school</Value>
            <Count>2</Count>
          </ValueDistributionItem>
          <ValueDistributionItem>
            <Value>SES schook</Value>
            <Count>2</Count>
          </ValueDistributionItem>
          <ValueDistributionItem>
            <Value>shyam road</Value>
            <Count>1</Count>
          </ValueDistributionItem>
          <ValueDistributionItem>
            <Value>temple</Value>
            <Count>1</Count>
          </ValueDistributionItem>
          <ValueDistributionItem>
            <Value>Transport</Value>
            <Count>2</Count>
          </ValueDistributionItem>
        </ValueDistribution>
      </ColumnValueDistributionProfile>
      <ColumnValueDistributionProfile IsExact="true" ProfileRequestID="ValueDistReq">
        <DataSourceID>{30945CED-7050-4FA4-842E-013B3FB3274C}</DataSourceID>
        <Table DataSource="DESKTOP-6B32VUL" Database="Post_Office_System" Schema="dbo" Table="DimSender" RowCount="18" />
        <Column Name="senderCity" SqlDbType="VarChar" MaxLength="30" Precision="255" Scale="255" LCID="1033" CodePage="0" IsNullable="true" StringCompareOptions="0" />
        <NumberOfDistinctValues>14</NumberOfDistinctValues>
        <ValueDistribution>
          <ValueDistributionItem>
            <Value>belapur</Value>
            <Count>1</Count>
          </ValueDistributionItem>
          <ValueDistributionItem>
            <Value>indore</Value>
            <Count>1</Count>
          </ValueDistributionItem>
          <ValueDistributionItem>
            <Value>kalamboli</Value>
            <Count>1</Count>
          </ValueDistributionItem>
          <ValueDistributionItem>
            <Value>kamothe</Value>
            <Count>1</Count>
          </ValueDistributionItem>
          <ValueDistributionItem>
            <Value>mumbai</Value>
            <Count>2</Count>
          </ValueDistributionItem>
          <ValueDistributionItem>
            <Value>panji</Value>
            <Count>1</Count>
          </ValueDistributionItem>
          <ValueDistributionItem>
            <Value>panvel</Value>
            <Count>1</Count>
          </ValueDistributionItem>
          <ValueDistributionItem>
            <Value>pune</Value>
            <Count>3</Count>
          </ValueDistributionItem>
          <ValueDistributionItem>
            <Value>sangli</Value>
            <Count>1</Count>
          </ValueDistributionItem>
          <ValueDistributionItem>
            <Value>sangmeshwar</Value>
            <Count>1</Count>
          </ValueDistributionItem>
          <ValueDistributionItem>
            <Value>satara</Value>
            <Count>1</Count>
          </ValueDistributionItem>
          <ValueDistributionItem>
            <Value>surat</Value>
            <Count>1</Count>
          </ValueDistributionItem>
          <ValueDistributionItem>
            <Value>thane</Value>
            <Count>1</Count>
          </ValueDistributionItem>
          <ValueDistributionItem>
            <Value>vaduj</Value>
            <Count>2</Count>
          </ValueDistributionItem>
        </ValueDistribution>
      </ColumnValueDistributionProfile>
      <ColumnValueDistributionProfile IsExact="true" ProfileRequestID="ValueDistReq">
        <DataSourceID>{30945CED-7050-4FA4-842E-013B3FB3274C}</DataSourceID>
        <Table DataSource="DESKTOP-6B32VUL" Database="Post_Office_System" Schema="dbo" Table="DimSender" RowCount="18" />
        <Column Name="senderState" SqlDbType="VarChar" MaxLength="20" Precision="255" Scale="255" LCID="1033" CodePage="0" IsNullable="true" StringCompareOptions="0" />
        <NumberOfDistinctValues>3</NumberOfDistinctValues>
        <ValueDistribution>
          <ValueDistributionItem>
            <Value>goa</Value>
            <Count>1</Count>
          </ValueDistributionItem>
          <ValueDistributionItem>
            <Value>Gujrat</Value>
            <Count>1</Count>
          </ValueDistributionItem>
          <ValueDistributionItem>
            <Value>maharashtra</Value>
            <Count>16</Count>
          </ValueDistributionItem>
        </ValueDistribution>
      </ColumnValueDistributionProfile>
      <ColumnValueDistributionProfile IsExact="true" ProfileRequestID="ValueDistReq">
        <DataSourceID>{30945CED-7050-4FA4-842E-013B3FB3274C}</DataSourceID>
        <Table DataSource="DESKTOP-6B32VUL" Database="Post_Office_System" Schema="dbo" Table="DimSender" RowCount="18" />
        <Column Name="senderCountry" SqlDbType="VarChar" MaxLength="20" Precision="255" Scale="255" LCID="1033" CodePage="0" IsNullable="true" StringCompareOptions="0" />
        <NumberOfDistinctValues>1</NumberOfDistinctValues>
        <ValueDistribution>
          <ValueDistributionItem>
            <Value>India</Value>
            <Count>18</Count>
          </ValueDistributionItem>
        </ValueDistribution>
      </ColumnValueDistributionProfile>
      <CandidateKeyProfile IsExact="true" ProfileRequestID="KeyReq">
        <DataSourceID>{30945CED-7050-4FA4-842E-013B3FB3274C}</DataSourceID>
        <Table DataSource="DESKTOP-6B32VUL" Database="Post_Office_System" Schema="dbo" Table="DimSender" RowCount="18" />
        <KeyColumns>
          <Column Name="senderZipcode" SqlDbType="BigInt" MaxLength="0" Precision="19" Scale="0" LCID="-1" CodePage="0" IsNullable="true" StringCompareOptions="0" />
        </KeyColumns>
        <IsExactKey>true</IsExactKey>
      </CandidateKeyProfile>
      <ColumnValueDistributionProfile IsExact="true" ProfileRequestID="ValueDistReq">
        <DataSourceID>{30945CED-7050-4FA4-842E-013B3FB3274C}</DataSourceID>
        <Table DataSource="DESKTOP-6B32VUL" Database="Post_Office_System" Schema="dbo" Table="DimSender" RowCount="18" />
        <Column Name="senderZipcode" SqlDbType="BigInt" MaxLength="0" Precision="19" Scale="0" LCID="-1" CodePage="0" IsNullable="true" StringCompareOptions="0" />
        <NumberOfDistinctValues>18</NumberOfDistinctValues>
        <ValueDistribution>
          <ValueDistributionItem>
            <Value>410218</Value>
            <Count>1</Count>
          </ValueDistributionItem>
          <ValueDistributionItem>
            <Value>410219</Value>
            <Count>1</Count>
          </ValueDistributionItem>
          <ValueDistributionItem>
            <Value>410220</Value>
            <Count>1</Count>
          </ValueDistributionItem>
          <ValueDistributionItem>
            <Value>410221</Value>
            <Count>1</Count>
          </ValueDistributionItem>
          <ValueDistributionItem>
            <Value>410222</Value>
            <Count>1</Count>
          </ValueDistributionItem>
          <ValueDistributionItem>
            <Value>410223</Value>
            <Count>1</Count>
          </ValueDistributionItem>
          <ValueDistributionItem>
            <Value>410224</Value>
            <Count>1</Count>
          </ValueDistributionItem>
          <ValueDistributionItem>
            <Value>410225</Value>
            <Count>1</Count>
          </ValueDistributionItem>
          <ValueDistributionItem>
            <Value>410226</Value>
            <Count>1</Count>
          </ValueDistributionItem>
          <ValueDistributionItem>
            <Value>410227</Value>
            <Count>1</Count>
          </ValueDistributionItem>
          <ValueDistributionItem>
            <Value>410228</Value>
            <Count>1</Count>
          </ValueDistributionItem>
          <ValueDistributionItem>
            <Value>410229</Value>
            <Count>1</Count>
          </ValueDistributionItem>
          <ValueDistributionItem>
            <Value>410230</Value>
            <Count>1</Count>
          </ValueDistributionItem>
          <ValueDistributionItem>
            <Value>410231</Value>
            <Count>1</Count>
          </ValueDistributionItem>
          <ValueDistributionItem>
            <Value>410232</Value>
            <Count>1</Count>
          </ValueDistributionItem>
          <ValueDistributionItem>
            <Value>410233</Value>
            <Count>1</Count>
          </ValueDistributionItem>
          <ValueDistributionItem>
            <Value>410234</Value>
            <Count>1</Count>
          </ValueDistributionItem>
          <ValueDistributionItem>
            <Value>410235</Value>
            <Count>1</Count>
          </ValueDistributionItem>
        </ValueDistribution>
      </ColumnValueDistributionProfile>
    </Profiles>
  </DataProfileOutput>
</DataProfile>