<?xml version="1.0"?>
<DataProfile xmlns:xsd="http://www.w3.org/2001/XMLSchema" xmlns:xsi="http://www.w3.org/2001/XMLSchema-instance" xmlns="http://schemas.microsoft.com/sqlserver/2008/DataDebugger/">
  <ProfileVersion>1.0</ProfileVersion>
  <DataSources>
    <DtsDataSource ID="{D4529B51-C71A-4313-B655-65087984C754}" Name="DESKTOP-6B32VUL.Post_Office_System">
      <DtsConnectionManagerID>DESKTOP-6B32VUL.Post_Office_System</DtsConnectionManagerID>
    </DtsDataSource>
    <DtsDataSource ID="{F1ADA7C4-4A37-433E-8E5C-4D53D86EB673}" Name="receiver.xml">
      <DtsConnectionManagerID>receiver.xml</DtsConnectionManagerID>
    </DtsDataSource>
  </DataSources>
  <DataProfileInput>
    <ProfileMode>Exact</ProfileMode>
    <Timeout>0</Timeout>
    <Requests>
      <ColumnNullRatioProfileRequest ID="NullRatioReq">
        <DataSourceID>{D4529B51-C71A-4313-B655-65087984C754}</DataSourceID>
        <Table Schema="dbo" Table="DimReceiver" />
        <Column IsWildCard="true" />
      </ColumnNullRatioProfileRequest>
      <ColumnStatisticsProfileRequest ID="StatisticsReq">
        <DataSourceID>{D4529B51-C71A-4313-B655-65087984C754}</DataSourceID>
        <Table Schema="dbo" Table="DimReceiver" />
        <Column IsWildCard="true" />
      </ColumnStatisticsProfileRequest>
      <ColumnLengthDistributionProfileRequest ID="LengthDistReq">
        <DataSourceID>{D4529B51-C71A-4313-B655-65087984C754}</DataSourceID>
        <Table Schema="dbo" Table="DimReceiver" />
        <Column IsWildCard="true" />
        <IgnoreLeadingSpace>false</IgnoreLeadingSpace>
        <IgnoreTrailingSpace>true</IgnoreTrailingSpace>
      </ColumnLengthDistributionProfileRequest>
      <ColumnValueDistributionProfileRequest ID="ValueDistReq">
        <DataSourceID>{D4529B51-C71A-4313-B655-65087984C754}</DataSourceID>
        <Table Schema="dbo" Table="DimReceiver" />
        <Column IsWildCard="true" />
        <Option>FrequentValues</Option>
        <FrequentValueThreshold>0.001</FrequentValueThreshold>
      </ColumnValueDistributionProfileRequest>
      <CandidateKeyProfileRequest ID="KeyReq">
        <DataSourceID>{D4529B51-C71A-4313-B655-65087984C754}</DataSourceID>
        <Table Schema="dbo" Table="DimReceiver" />
        <KeyColumns>
          <Column IsWildCard="true" />
        </KeyColumns>
        <ThresholdSetting>Specified</ThresholdSetting>
        <KeyStrengthThreshold>0.95</KeyStrengthThreshold>
        <VerifyOutputInFastMode>false</VerifyOutputInFastMode>
        <MaxNumberOfViolations>100</MaxNumberOfViolations>
      </CandidateKeyProfileRequest>
    </Requests>
  </DataProfileInput>
  <DataProfileOutput>
    <Profiles>
      <ColumnNullRatioProfile ProfileRequestID="NullRatioReq" IsExact="true">
        <DataSourceID>{D4529B51-C71A-4313-B655-65087984C754}</DataSourceID>
        <Table DataSource="DESKTOP-6B32VUL" Database="Post_Office_System" Schema="dbo" Table="DimReceiver" RowCount="-1" />
        <Column Name="receiverID" SqlDbType="Int" MaxLength="0" Precision="10" Scale="0" LCID="-1" CodePage="0" IsNullable="false" StringCompareOptions="0" />
        <NullCount>0</NullCount>
      </ColumnNullRatioProfile>
      <CandidateKeyProfile IsExact="true" ProfileRequestID="KeyReq">
        <DataSourceID>{D4529B51-C71A-4313-B655-65087984C754}</DataSourceID>
        <Table DataSource="DESKTOP-6B32VUL" Database="Post_Office_System" Schema="dbo" Table="DimReceiver" RowCount="-1" />
        <KeyColumns>
          <Column Name="receiverID" SqlDbType="Int" MaxLength="0" Precision="10" Scale="0" LCID="-1" CodePage="0" IsNullable="false" StringCompareOptions="0" />
        </KeyColumns>
        <IsExactKey>true</IsExactKey>
      </CandidateKeyProfile>
      <ColumnNullRatioProfile ProfileRequestID="NullRatioReq" IsExact="true">
        <DataSourceID>{D4529B51-C71A-4313-B655-65087984C754}</DataSourceID>
        <Table DataSource="DESKTOP-6B32VUL" Database="Post_Office_System" Schema="dbo" Table="DimReceiver" RowCount="18" />
        <Column Name="receiverName" SqlDbType="VarChar" MaxLength="30" Precision="255" Scale="255" LCID="1033" CodePage="0" IsNullable="true" StringCompareOptions="0" />
        <NullCount>0</NullCount>
      </ColumnNullRatioProfile>
      <ColumnNullRatioProfile ProfileRequestID="NullRatioReq" IsExact="true">
        <DataSourceID>{D4529B51-C71A-4313-B655-65087984C754}</DataSourceID>
        <Table DataSource="DESKTOP-6B32VUL" Database="Post_Office_System" Schema="dbo" Table="DimReceiver" RowCount="18" />
        <Column Name="receiverTelephone" SqlDbType="VarChar" MaxLength="10" Precision="255" Scale="255" LCID="1033" CodePage="0" IsNullable="true" StringCompareOptions="0" />
        <NullCount>0</NullCount>
      </ColumnNullRatioProfile>
      <ColumnNullRatioProfile ProfileRequestID="NullRatioReq" IsExact="true">
        <DataSourceID>{D4529B51-C71A-4313-B655-65087984C754}</DataSourceID>
        <Table DataSource="DESKTOP-6B32VUL" Database="Post_Office_System" Schema="dbo" Table="DimReceiver" RowCount="18" />
        <Column Name="receiverLandmark" SqlDbType="VarChar" MaxLength="30" Precision="255" Scale="255" LCID="1033" CodePage="0" IsNullable="true" StringCompareOptions="0" />
        <NullCount>0</NullCount>
      </ColumnNullRatioProfile>
      <ColumnNullRatioProfile ProfileRequestID="NullRatioReq" IsExact="true">
        <DataSourceID>{D4529B51-C71A-4313-B655-65087984C754}</DataSourceID>
        <Table DataSource="DESKTOP-6B32VUL" Database="Post_Office_System" Schema="dbo" Table="DimReceiver" RowCount="18" />
        <Column Name="receiverCity" SqlDbType="VarChar" MaxLength="20" Precision="255" Scale="255" LCID="1033" CodePage="0" IsNullable="true" StringCompareOptions="0" />
        <NullCount>0</NullCount>
      </ColumnNullRatioProfile>
      <ColumnNullRatioProfile ProfileRequestID="NullRatioReq" IsExact="true">
        <DataSourceID>{D4529B51-C71A-4313-B655-65087984C754}</DataSourceID>
        <Table DataSource="DESKTOP-6B32VUL" Database="Post_Office_System" Schema="dbo" Table="DimReceiver" RowCount="18" />
        <Column Name="receiverState" SqlDbType="VarChar" MaxLength="20" Precision="255" Scale="255" LCID="1033" CodePage="0" IsNullable="true" StringCompareOptions="0" />
        <NullCount>0</NullCount>
      </ColumnNullRatioProfile>
      <ColumnNullRatioProfile ProfileRequestID="NullRatioReq" IsExact="true">
        <DataSourceID>{D4529B51-C71A-4313-B655-65087984C754}</DataSourceID>
        <Table DataSource="DESKTOP-6B32VUL" Database="Post_Office_System" Schema="dbo" Table="DimReceiver" RowCount="18" />
        <Column Name="receiverCountry" SqlDbType="VarChar" MaxLength="20" Precision="255" Scale="255" LCID="1033" CodePage="0" IsNullable="true" StringCompareOptions="0" />
        <NullCount>0</NullCount>
      </ColumnNullRatioProfile>
      <ColumnNullRatioProfile ProfileRequestID="NullRatioReq" IsExact="true">
        <DataSourceID>{D4529B51-C71A-4313-B655-65087984C754}</DataSourceID>
        <Table DataSource="DESKTOP-6B32VUL" Database="Post_Office_System" Schema="dbo" Table="DimReceiver" RowCount="18" />
        <Column Name="receiverZipcode" SqlDbType="BigInt" MaxLength="0" Precision="19" Scale="0" LCID="-1" CodePage="0" IsNullable="true" StringCompareOptions="0" />
        <NullCount>0</NullCount>
      </ColumnNullRatioProfile>
      <ColumnStatisticsProfile IsExact="true" ProfileRequestID="StatisticsReq">
        <DataSourceID>{D4529B51-C71A-4313-B655-65087984C754}</DataSourceID>
        <Table DataSource="DESKTOP-6B32VUL" Database="Post_Office_System" Schema="dbo" Table="DimReceiver" RowCount="18" />
        <Column Name="receiverID" SqlDbType="Int" MaxLength="0" Precision="10" Scale="0" LCID="-1" CodePage="0" IsNullable="false" StringCompareOptions="0" />
        <MinValue>1</MinValue>
        <MaxValue>18</MaxValue>
        <Mean>9.5</Mean>
        <StdDev>5.18812747209113</StdDev>
      </ColumnStatisticsProfile>
      <ColumnStatisticsProfile IsExact="true" ProfileRequestID="StatisticsReq">
        <DataSourceID>{D4529B51-C71A-4313-B655-65087984C754}</DataSourceID>
        <Table DataSource="DESKTOP-6B32VUL" Database="Post_Office_System" Schema="dbo" Table="DimReceiver" RowCount="18" />
        <Column Name="receiverZipcode" SqlDbType="BigInt" MaxLength="0" Precision="19" Scale="0" LCID="-1" CodePage="0" IsNullable="true" StringCompareOptions="0" />
        <MinValue>410201</MinValue>
        <MaxValue>410218</MaxValue>
        <Mean>410209.5</Mean>
        <StdDev>5.18812747209113</StdDev>
      </ColumnStatisticsProfile>
      <ColumnLengthDistributionProfile ProfileRequestID="LengthDistReq" IsExact="true">
        <DataSourceID>{D4529B51-C71A-4313-B655-65087984C754}</DataSourceID>
        <Table DataSource="DESKTOP-6B32VUL" Database="Post_Office_System" Schema="dbo" Table="DimReceiver" RowCount="18" />
        <Column Name="receiverName" SqlDbType="VarChar" MaxLength="30" Precision="255" Scale="255" LCID="1033" CodePage="0" IsNullable="true" StringCompareOptions="0" />
        <IgnoreLeadingSpace>false</IgnoreLeadingSpace>
        <IgnoreTrailingSpace>true</IgnoreTrailingSpace>
        <MinLength>3</MinLength>
        <MaxLength>7</MaxLength>
        <LengthDistribution>
          <LengthDistributionItem>
            <Length>3</Length>
            <Count>1</Count>
          </LengthDistributionItem>
          <LengthDistributionItem>
            <Length>5</Length>
            <Count>7</Count>
          </LengthDistributionItem>
          <LengthDistributionItem>
            <Length>6</Length>
            <Count>8</Count>
          </LengthDistributionItem>
          <LengthDistributionItem>
            <Length>7</Length>
            <Count>2</Count>
          </LengthDistributionItem>
        </LengthDistribution>
      </ColumnLengthDistributionProfile>
      <ColumnLengthDistributionProfile ProfileRequestID="LengthDistReq" IsExact="true">
        <DataSourceID>{D4529B51-C71A-4313-B655-65087984C754}</DataSourceID>
        <Table DataSource="DESKTOP-6B32VUL" Database="Post_Office_System" Schema="dbo" Table="DimReceiver" RowCount="18" />
        <Column Name="receiverTelephone" SqlDbType="VarChar" MaxLength="10" Precision="255" Scale="255" LCID="1033" CodePage="0" IsNullable="true" StringCompareOptions="0" />
        <IgnoreLeadingSpace>false</IgnoreLeadingSpace>
        <IgnoreTrailingSpace>true</IgnoreTrailingSpace>
        <MinLength>10</MinLength>
        <MaxLength>10</MaxLength>
        <LengthDistribution>
          <LengthDistributionItem>
            <Length>10</Length>
            <Count>18</Count>
          </LengthDistributionItem>
        </LengthDistribution>
      </ColumnLengthDistributionProfile>
      <ColumnLengthDistributionProfile ProfileRequestID="LengthDistReq" IsExact="true">
        <DataSourceID>{D4529B51-C71A-4313-B655-65087984C754}</DataSourceID>
        <Table DataSource="DESKTOP-6B32VUL" Database="Post_Office_System" Schema="dbo" Table="DimReceiver" RowCount="18" />
        <Column Name="receiverLandmark" SqlDbType="VarChar" MaxLength="30" Precision="255" Scale="255" LCID="1033" CodePage="0" IsNullable="true" StringCompareOptions="0" />
        <IgnoreLeadingSpace>false</IgnoreLeadingSpace>
        <IgnoreTrailingSpace>true</IgnoreTrailingSpace>
        <MinLength>6</MinLength>
        <MaxLength>15</MaxLength>
        <LengthDistribution>
          <LengthDistributionItem>
            <Length>6</Length>
            <Count>5</Count>
          </LengthDistributionItem>
          <LengthDistributionItem>
            <Length>7</Length>
            <Count>1</Count>
          </LengthDistributionItem>
          <LengthDistributionItem>
            <Length>8</Length>
            <Count>2</Count>
          </LengthDistributionItem>
          <LengthDistributionItem>
            <Length>10</Length>
            <Count>3</Count>
          </LengthDistributionItem>
          <LengthDistributionItem>
            <Length>11</Length>
            <Count>1</Count>
          </LengthDistributionItem>
          <LengthDistributionItem>
            <Length>14</Length>
            <Count>3</Count>
          </LengthDistributionItem>
          <LengthDistributionItem>
            <Length>15</Length>
            <Count>3</Count>
          </LengthDistributionItem>
        </LengthDistribution>
      </ColumnLengthDistributionProfile>
      <ColumnLengthDistributionProfile ProfileRequestID="LengthDistReq" IsExact="true">
        <DataSourceID>{D4529B51-C71A-4313-B655-65087984C754}</DataSourceID>
        <Table DataSource="DESKTOP-6B32VUL" Database="Post_Office_System" Schema="dbo" Table="DimReceiver" RowCount="18" />
        <Column Name="receiverCity" SqlDbType="VarChar" MaxLength="20" Precision="255" Scale="255" LCID="1033" CodePage="0" IsNullable="true" StringCompareOptions="0" />
        <IgnoreLeadingSpace>false</IgnoreLeadingSpace>
        <IgnoreTrailingSpace>true</IgnoreTrailingSpace>
        <MinLength>4</MinLength>
        <MaxLength>11</MaxLength>
        <LengthDistribution>
          <LengthDistributionItem>
            <Length>4</Length>
            <Count>4</Count>
          </LengthDistributionItem>
          <LengthDistributionItem>
            <Length>5</Length>
            <Count>2</Count>
          </LengthDistributionItem>
          <LengthDistributionItem>
            <Length>6</Length>
            <Count>6</Count>
          </LengthDistributionItem>
          <LengthDistributionItem>
            <Length>7</Length>
            <Count>2</Count>
          </LengthDistributionItem>
          <LengthDistributionItem>
            <Length>8</Length>
            <Count>2</Count>
          </LengthDistributionItem>
          <LengthDistributionItem>
            <Length>9</Length>
            <Count>1</Count>
          </LengthDistributionItem>
          <LengthDistributionItem>
            <Length>11</Length>
            <Count>1</Count>
          </LengthDistributionItem>
        </LengthDistribution>
      </ColumnLengthDistributionProfile>
      <ColumnLengthDistributionProfile ProfileRequestID="LengthDistReq" IsExact="true">
        <DataSourceID>{D4529B51-C71A-4313-B655-65087984C754}</DataSourceID>
        <Table DataSource="DESKTOP-6B32VUL" Database="Post_Office_System" Schema="dbo" Table="DimReceiver" RowCount="18" />
        <Column Name="receiverState" SqlDbType="VarChar" MaxLength="20" Precision="255" Scale="255" LCID="1033" CodePage="0" IsNullable="true" StringCompareOptions="0" />
        <IgnoreLeadingSpace>false</IgnoreLeadingSpace>
        <IgnoreTrailingSpace>true</IgnoreTrailingSpace>
        <MinLength>6</MinLength>
        <MaxLength>11</MaxLength>
        <LengthDistribution>
          <LengthDistributionItem>
            <Length>6</Length>
            <Count>1</Count>
          </LengthDistributionItem>
          <LengthDistributionItem>
            <Length>11</Length>
            <Count>17</Count>
          </LengthDistributionItem>
        </LengthDistribution>
      </ColumnLengthDistributionProfile>
      <ColumnLengthDistributionProfile ProfileRequestID="LengthDistReq" IsExact="true">
        <DataSourceID>{D4529B51-C71A-4313-B655-65087984C754}</DataSourceID>
        <Table DataSource="DESKTOP-6B32VUL" Database="Post_Office_System" Schema="dbo" Table="DimReceiver" RowCount="18" />
        <Column Name="receiverCountry" SqlDbType="VarChar" MaxLength="20" Precision="255" Scale="255" LCID="1033" CodePage="0" IsNullable="true" StringCompareOptions="0" />
        <IgnoreLeadingSpace>false</IgnoreLeadingSpace>
        <IgnoreTrailingSpace>true</IgnoreTrailingSpace>
        <MinLength>5</MinLength>
        <MaxLength>5</MaxLength>
        <LengthDistribution>
          <LengthDistributionItem>
            <Length>5</Length>
            <Count>18</Count>
          </LengthDistributionItem>
        </LengthDistribution>
      </ColumnLengthDistributionProfile>
      <ColumnValueDistributionProfile IsExact="true" ProfileRequestID="ValueDistReq">
        <DataSourceID>{D4529B51-C71A-4313-B655-65087984C754}</DataSourceID>
        <Table DataSource="DESKTOP-6B32VUL" Database="Post_Office_System" Schema="dbo" Table="DimReceiver" RowCount="18" />
        <Column Name="receiverID" SqlDbType="Int" MaxLength="0" Precision="10" Scale="0" LCID="-1" CodePage="0" IsNullable="false" StringCompareOptions="0" />
        <NumberOfDistinctValues>18</NumberOfDistinctValues>
        <ValueDistribution>
          <ValueDistributionItem>
            <Value>1</Value>
            <Count>1</Count>
          </ValueDistributionItem>
          <ValueDistributionItem>
            <Value>2</Value>
            <Count>1</Count>
          </ValueDistributionItem>
          <ValueDistributionItem>
            <Value>3</Value>
            <Count>1</Count>
          </ValueDistributionItem>
          <ValueDistributionItem>
            <Value>4</Value>
            <Count>1</Count>
          </ValueDistributionItem>
          <ValueDistributionItem>
            <Value>5</Value>
            <Count>1</Count>
          </ValueDistributionItem>
          <ValueDistributionItem>
            <Value>6</Value>
            <Count>1</Count>
          </ValueDistributionItem>
          <ValueDistributionItem>
            <Value>7</Value>
            <Count>1</Count>
          </ValueDistributionItem>
          <ValueDistributionItem>
            <Value>8</Value>
            <Count>1</Count>
          </ValueDistributionItem>
          <ValueDistributionItem>
            <Value>9</Value>
            <Count>1</Count>
          </ValueDistributionItem>
          <ValueDistributionItem>
            <Value>10</Value>
            <Count>1</Count>
          </ValueDistributionItem>
          <ValueDistributionItem>
            <Value>11</Value>
            <Count>1</Count>
          </ValueDistributionItem>
          <ValueDistributionItem>
            <Value>12</Value>
            <Count>1</Count>
          </ValueDistributionItem>
          <ValueDistributionItem>
            <Value>13</Value>
            <Count>1</Count>
          </ValueDistributionItem>
          <ValueDistributionItem>
            <Value>14</Value>
            <Count>1</Count>
          </ValueDistributionItem>
          <ValueDistributionItem>
            <Value>15</Value>
            <Count>1</Count>
          </ValueDistributionItem>
          <ValueDistributionItem>
            <Value>16</Value>
            <Count>1</Count>
          </ValueDistributionItem>
          <ValueDistributionItem>
            <Value>17</Value>
            <Count>1</Count>
          </ValueDistributionItem>
          <ValueDistributionItem>
            <Value>18</Value>
            <Count>1</Count>
          </ValueDistributionItem>
        </ValueDistribution>
      </ColumnValueDistributionProfile>
      <CandidateKeyProfile IsExact="true" ProfileRequestID="KeyReq">
        <DataSourceID>{D4529B51-C71A-4313-B655-65087984C754}</DataSourceID>
        <Table DataSource="DESKTOP-6B32VUL" Database="Post_Office_System" Schema="dbo" Table="DimReceiver" RowCount="18" />
        <KeyColumns>
          <Column Name="receiverName" SqlDbType="VarChar" MaxLength="30" Precision="255" Scale="255" LCID="1033" CodePage="0" IsNullable="true" StringCompareOptions="0" />
        </KeyColumns>
        <IsExactKey>true</IsExactKey>
      </CandidateKeyProfile>
      <ColumnValueDistributionProfile IsExact="true" ProfileRequestID="ValueDistReq">
        <DataSourceID>{D4529B51-C71A-4313-B655-65087984C754}</DataSourceID>
        <Table DataSource="DESKTOP-6B32VUL" Database="Post_Office_System" Schema="dbo" Table="DimReceiver" RowCount="18" />
        <Column Name="receiverName" SqlDbType="VarChar" MaxLength="30" Precision="255" Scale="255" LCID="1033" CodePage="0" IsNullable="true" StringCompareOptions="0" />
        <NumberOfDistinctValues>18</NumberOfDistinctValues>
        <ValueDistribution>
          <ValueDistributionItem>
            <Value>Ashok</Value>
            <Count>1</Count>
          </ValueDistributionItem>
          <ValueDistributionItem>
            <Value>jyoti</Value>
            <Count>1</Count>
          </ValueDistributionItem>
          <ValueDistributionItem>
            <Value>kajal</Value>
            <Count>1</Count>
          </ValueDistributionItem>
          <ValueDistributionItem>
            <Value>prachi</Value>
            <Count>1</Count>
          </ValueDistributionItem>
          <ValueDistributionItem>
            <Value>ram</Value>
            <Count>1</Count>
          </ValueDistributionItem>
          <ValueDistributionItem>
            <Value>ramesh</Value>
            <Count>1</Count>
          </ValueDistributionItem>
          <ValueDistributionItem>
            <Value>roshni</Value>
            <Count>1</Count>
          </ValueDistributionItem>
          <ValueDistributionItem>
            <Value>sandip</Value>
            <Count>1</Count>
          </ValueDistributionItem>
          <ValueDistributionItem>
            <Value>sangita</Value>
            <Count>1</Count>
          </ValueDistributionItem>
          <ValueDistributionItem>
            <Value>sharda</Value>
            <Count>1</Count>
          </ValueDistributionItem>
          <ValueDistributionItem>
            <Value>Shreya</Value>
            <Count>1</Count>
          </ValueDistributionItem>
          <ValueDistributionItem>
            <Value>shyam</Value>
            <Count>1</Count>
          </ValueDistributionItem>
          <ValueDistributionItem>
            <Value>Sneha</Value>
            <Count>1</Count>
          </ValueDistributionItem>
          <ValueDistributionItem>
            <Value>snehal</Value>
            <Count>1</Count>
          </ValueDistributionItem>
          <ValueDistributionItem>
            <Value>Suresh</Value>
            <Count>1</Count>
          </ValueDistributionItem>
          <ValueDistributionItem>
            <Value>vikas</Value>
            <Count>1</Count>
          </ValueDistributionItem>
          <ValueDistributionItem>
            <Value>vinay</Value>
            <Count>1</Count>
          </ValueDistributionItem>
          <ValueDistributionItem>
            <Value>vinayak</Value>
            <Count>1</Count>
          </ValueDistributionItem>
        </ValueDistribution>
      </ColumnValueDistributionProfile>
      <CandidateKeyProfile IsExact="true" ProfileRequestID="KeyReq">
        <DataSourceID>{D4529B51-C71A-4313-B655-65087984C754}</DataSourceID>
        <Table DataSource="DESKTOP-6B32VUL" Database="Post_Office_System" Schema="dbo" Table="DimReceiver" RowCount="18" />
        <KeyColumns>
          <Column Name="receiverTelephone" SqlDbType="VarChar" MaxLength="10" Precision="255" Scale="255" LCID="1033" CodePage="0" IsNullable="true" StringCompareOptions="0" />
        </KeyColumns>
        <IsExactKey>true</IsExactKey>
      </CandidateKeyProfile>
      <ColumnValueDistributionProfile IsExact="true" ProfileRequestID="ValueDistReq">
        <DataSourceID>{D4529B51-C71A-4313-B655-65087984C754}</DataSourceID>
        <Table DataSource="DESKTOP-6B32VUL" Database="Post_Office_System" Schema="dbo" Table="DimReceiver" RowCount="18" />
        <Column Name="receiverTelephone" SqlDbType="VarChar" MaxLength="10" Precision="255" Scale="255" LCID="1033" CodePage="0" IsNullable="true" StringCompareOptions="0" />
        <NumberOfDistinctValues>18</NumberOfDistinctValues>
        <ValueDistribution>
          <ValueDistributionItem>
            <Value>9326306234</Value>
            <Count>1</Count>
          </ValueDistributionItem>
          <ValueDistributionItem>
            <Value>9326306235</Value>
            <Count>1</Count>
          </ValueDistributionItem>
          <ValueDistributionItem>
            <Value>9326306236</Value>
            <Count>1</Count>
          </ValueDistributionItem>
          <ValueDistributionItem>
            <Value>9326306237</Value>
            <Count>1</Count>
          </ValueDistributionItem>
          <ValueDistributionItem>
            <Value>9326306238</Value>
            <Count>1</Count>
          </ValueDistributionItem>
          <ValueDistributionItem>
            <Value>9326306239</Value>
            <Count>1</Count>
          </ValueDistributionItem>
          <ValueDistributionItem>
            <Value>9326306240</Value>
            <Count>1</Count>
          </ValueDistributionItem>
          <ValueDistributionItem>
            <Value>9326306241</Value>
            <Count>1</Count>
          </ValueDistributionItem>
          <ValueDistributionItem>
            <Value>9326306242</Value>
            <Count>1</Count>
          </ValueDistributionItem>
          <ValueDistributionItem>
            <Value>9326306243</Value>
            <Count>1</Count>
          </ValueDistributionItem>
          <ValueDistributionItem>
            <Value>9326306244</Value>
            <Count>1</Count>
          </ValueDistributionItem>
          <ValueDistributionItem>
            <Value>9326306245</Value>
            <Count>1</Count>
          </ValueDistributionItem>
          <ValueDistributionItem>
            <Value>9326306246</Value>
            <Count>1</Count>
          </ValueDistributionItem>
          <ValueDistributionItem>
            <Value>9326306247</Value>
            <Count>1</Count>
          </ValueDistributionItem>
          <ValueDistributionItem>
            <Value>9326306248</Value>
            <Count>1</Count>
          </ValueDistributionItem>
          <ValueDistributionItem>
            <Value>9326306249</Value>
            <Count>1</Count>
          </ValueDistributionItem>
          <ValueDistributionItem>
            <Value>9326306250</Value>
            <Count>1</Count>
          </ValueDistributionItem>
          <ValueDistributionItem>
            <Value>9326306251</Value>
            <Count>1</Count>
          </ValueDistributionItem>
        </ValueDistribution>
      </ColumnValueDistributionProfile>
      <ColumnValueDistributionProfile IsExact="true" ProfileRequestID="ValueDistReq">
        <DataSourceID>{D4529B51-C71A-4313-B655-65087984C754}</DataSourceID>
        <Table DataSource="DESKTOP-6B32VUL" Database="Post_Office_System" Schema="dbo" Table="DimReceiver" RowCount="18" />
        <Column Name="receiverLandmark" SqlDbType="VarChar" MaxLength="30" Precision="255" Scale="255" LCID="1033" CodePage="0" IsNullable="true" StringCompareOptions="0" />
        <NumberOfDistinctValues>13</NumberOfDistinctValues>
        <ValueDistribution>
          <ValueDistributionItem>
            <Value>airport</Value>
            <Count>1</Count>
          </ValueDistributionItem>
          <ValueDistributionItem>
            <Value>bus station</Value>
            <Count>1</Count>
          </ValueDistributionItem>
          <ValueDistributionItem>
            <Value>church</Value>
            <Count>2</Count>
          </ValueDistributionItem>
          <ValueDistributionItem>
            <Value>covid hospital</Value>
            <Count>2</Count>
          </ValueDistributionItem>
          <ValueDistributionItem>
            <Value>hospital</Value>
            <Count>1</Count>
          </ValueDistributionItem>
          <ValueDistributionItem>
            <Value>national hotel</Value>
            <Count>1</Count>
          </ValueDistributionItem>
          <ValueDistributionItem>
            <Value>railway station</Value>
            <Count>2</Count>
          </ValueDistributionItem>
          <ValueDistributionItem>
            <Value>ram road</Value>
            <Count>1</Count>
          </ValueDistributionItem>
          <ValueDistributionItem>
            <Value>school</Value>
            <Count>2</Count>
          </ValueDistributionItem>
          <ValueDistributionItem>
            <Value>SES schook</Value>
            <Count>2</Count>
          </ValueDistributionItem>
          <ValueDistributionItem>
            <Value>Shyam road</Value>
            <Count>1</Count>
          </ValueDistributionItem>
          <ValueDistributionItem>
            <Value>temple</Value>
            <Count>1</Count>
          </ValueDistributionItem>
          <ValueDistributionItem>
            <Value>Transport Lines</Value>
            <Count>1</Count>
          </ValueDistributionItem>
        </ValueDistribution>
      </ColumnValueDistributionProfile>
      <ColumnValueDistributionProfile IsExact="true" ProfileRequestID="ValueDistReq">
        <DataSourceID>{D4529B51-C71A-4313-B655-65087984C754}</DataSourceID>
        <Table DataSource="DESKTOP-6B32VUL" Database="Post_Office_System" Schema="dbo" Table="DimReceiver" RowCount="18" />
        <Column Name="receiverCity" SqlDbType="VarChar" MaxLength="20" Precision="255" Scale="255" LCID="1033" CodePage="0" IsNullable="true" StringCompareOptions="0" />
        <NumberOfDistinctValues>13</NumberOfDistinctValues>
        <ValueDistribution>
          <ValueDistributionItem>
            <Value>atpadi</Value>
            <Count>1</Count>
          </ValueDistributionItem>
          <ValueDistributionItem>
            <Value>chembur</Value>
            <Count>1</Count>
          </ValueDistributionItem>
          <ValueDistributionItem>
            <Value>fort</Value>
            <Count>1</Count>
          </ValueDistributionItem>
          <ValueDistributionItem>
            <Value>kamothe</Value>
            <Count>1</Count>
          </ValueDistributionItem>
          <ValueDistributionItem>
            <Value>kharghar</Value>
            <Count>1</Count>
          </ValueDistributionItem>
          <ValueDistributionItem>
            <Value>mankhurd</Value>
            <Count>1</Count>
          </ValueDistributionItem>
          <ValueDistributionItem>
            <Value>mumbai</Value>
            <Count>4</Count>
          </ValueDistributionItem>
          <ValueDistributionItem>
            <Value>navi mumbai</Value>
            <Count>1</Count>
          </ValueDistributionItem>
          <ValueDistributionItem>
            <Value>panvel</Value>
            <Count>1</Count>
          </ValueDistributionItem>
          <ValueDistributionItem>
            <Value>pune</Value>
            <Count>3</Count>
          </ValueDistributionItem>
          <ValueDistributionItem>
            <Value>ratnagiri</Value>
            <Count>1</Count>
          </ValueDistributionItem>
          <ValueDistributionItem>
            <Value>surat</Value>
            <Count>1</Count>
          </ValueDistributionItem>
          <ValueDistributionItem>
            <Value>vaduj</Value>
            <Count>1</Count>
          </ValueDistributionItem>
        </ValueDistribution>
      </ColumnValueDistributionProfile>
      <ColumnValueDistributionProfile IsExact="true" ProfileRequestID="ValueDistReq">
        <DataSourceID>{D4529B51-C71A-4313-B655-65087984C754}</DataSourceID>
        <Table DataSource="DESKTOP-6B32VUL" Database="Post_Office_System" Schema="dbo" Table="DimReceiver" RowCount="18" />
        <Column Name="receiverState" SqlDbType="VarChar" MaxLength="20" Precision="255" Scale="255" LCID="1033" CodePage="0" IsNullable="true" StringCompareOptions="0" />
        <NumberOfDistinctValues>2</NumberOfDistinctValues>
        <ValueDistribution>
          <ValueDistributionItem>
            <Value>gujrat</Value>
            <Count>1</Count>
          </ValueDistributionItem>
          <ValueDistributionItem>
            <Value>maharashtra</Value>
            <Count>17</Count>
          </ValueDistributionItem>
        </ValueDistribution>
      </ColumnValueDistributionProfile>
      <ColumnValueDistributionProfile IsExact="true" ProfileRequestID="ValueDistReq">
        <DataSourceID>{D4529B51-C71A-4313-B655-65087984C754}</DataSourceID>
        <Table DataSource="DESKTOP-6B32VUL" Database="Post_Office_System" Schema="dbo" Table="DimReceiver" RowCount="18" />
        <Column Name="receiverCountry" SqlDbType="VarChar" MaxLength="20" Precision="255" Scale="255" LCID="1033" CodePage="0" IsNullable="true" StringCompareOptions="0" />
        <NumberOfDistinctValues>1</NumberOfDistinctValues>
        <ValueDistribution>
          <ValueDistributionItem>
            <Value>India</Value>
            <Count>18</Count>
          </ValueDistributionItem>
        </ValueDistribution>
      </ColumnValueDistributionProfile>
      <CandidateKeyProfile IsExact="true" ProfileRequestID="KeyReq">
        <DataSourceID>{D4529B51-C71A-4313-B655-65087984C754}</DataSourceID>
        <Table DataSource="DESKTOP-6B32VUL" Database="Post_Office_System" Schema="dbo" Table="DimReceiver" RowCount="18" />
        <KeyColumns>
          <Column Name="receiverZipcode" SqlDbType="BigInt" MaxLength="0" Precision="19" Scale="0" LCID="-1" CodePage="0" IsNullable="true" StringCompareOptions="0" />
        </KeyColumns>
        <IsExactKey>true</IsExactKey>
      </CandidateKeyProfile>
      <ColumnValueDistributionProfile IsExact="true" ProfileRequestID="ValueDistReq">
        <DataSourceID>{D4529B51-C71A-4313-B655-65087984C754}</DataSourceID>
        <Table DataSource="DESKTOP-6B32VUL" Database="Post_Office_System" Schema="dbo" Table="DimReceiver" RowCount="18" />
        <Column Name="receiverZipcode" SqlDbType="BigInt" MaxLength="0" Precision="19" Scale="0" LCID="-1" CodePage="0" IsNullable="true" StringCompareOptions="0" />
        <NumberOfDistinctValues>18</NumberOfDistinctValues>
        <ValueDistribution>
          <ValueDistributionItem>
            <Value>410201</Value>
            <Count>1</Count>
          </ValueDistributionItem>
          <ValueDistributionItem>
            <Value>410202</Value>
            <Count>1</Count>
          </ValueDistributionItem>
          <ValueDistributionItem>
            <Value>410203</Value>
            <Count>1</Count>
          </ValueDistributionItem>
          <ValueDistributionItem>
            <Value>410204</Value>
            <Count>1</Count>
          </ValueDistributionItem>
          <ValueDistributionItem>
            <Value>410205</Value>
            <Count>1</Count>
          </ValueDistributionItem>
          <ValueDistributionItem>
            <Value>410206</Value>
            <Count>1</Count>
          </ValueDistributionItem>
          <ValueDistributionItem>
            <Value>410207</Value>
            <Count>1</Count>
          </ValueDistributionItem>
          <ValueDistributionItem>
            <Value>410208</Value>
            <Count>1</Count>
          </ValueDistributionItem>
          <ValueDistributionItem>
            <Value>410209</Value>
            <Count>1</Count>
          </ValueDistributionItem>
          <ValueDistributionItem>
            <Value>410210</Value>
            <Count>1</Count>
          </ValueDistributionItem>
          <ValueDistributionItem>
            <Value>410211</Value>
            <Count>1</Count>
          </ValueDistributionItem>
          <ValueDistributionItem>
            <Value>410212</Value>
            <Count>1</Count>
          </ValueDistributionItem>
          <ValueDistributionItem>
            <Value>410213</Value>
            <Count>1</Count>
          </ValueDistributionItem>
          <ValueDistributionItem>
            <Value>410214</Value>
            <Count>1</Count>
          </ValueDistributionItem>
          <ValueDistributionItem>
            <Value>410215</Value>
            <Count>1</Count>
          </ValueDistributionItem>
          <ValueDistributionItem>
            <Value>410216</Value>
            <Count>1</Count>
          </ValueDistributionItem>
          <ValueDistributionItem>
            <Value>410217</Value>
            <Count>1</Count>
          </ValueDistributionItem>
          <ValueDistributionItem>
            <Value>410218</Value>
            <Count>1</Count>
          </ValueDistributionItem>
        </ValueDistribution>
      </ColumnValueDistributionProfile>
    </Profiles>
  </DataProfileOutput>
</DataProfile>